SEACE 2,2010,20524605903,MINISTERIO DE AGRICULTURA-PROGRAMA DE COMPENSACIONES PARA LA COMPETITIVIDAD,PROCEDIMIENTO CLASICO,ADJUDICACION DIRECTA SELECTIVA,ADS - 3 - 2010 - AG-PCC,1,25/11/10,SERVICIOS,SERVICIO DE LIMPIEZA DE LOCAL,"46650,72",Soles,1,SERVICIO DE LIMPIEZA DE LOCAL,"46650,72","35989,68",03/01/11,21/02/11,20160267861,PROFESIONALES EN MANTENIMIENTO S.R.L,N,20160267861,PROFESIONALES EN MANTENIMIENTO S.R.L,,,200321-01657701-00502640,001-2011-AG-PCC-UA,04/01/11,04/01/12,http://zonasegura.seace.gob.pe//particion1/mon\docs\contratos\2011\200321\1657701244722785rad6B8B3.pdf
SEACE 2,2011,20524605903,MINISTERIO DE AGRICULTURA-PROGRAMA DE COMPENSACIONES PARA LA COMPETITIVIDAD,PROCEDIMIENTO CLASICO,MENOR CUANTIA,AMC - 1 - 2011 - AG-PCC,1,09/02/11,SERVICIOS,SERVICIO DE ALQUILER DE LOCAL,"22985,82",Soles,1,SERVICIO DE ALQUILER DE LOCAL,"22985,82","22985,82",21/02/11,07/04/11,20100101522,COMPAÑIA DE NEGOCIACIONES MOBILIARIAS E INMOBILIARIAS S.A.,N,20100101522,COMPAÑIA DE NEGOCIACIONES MOBILIARIAS E INMOBILIARIAS S.A.,,,200321-01685683-00508581,004-2011-AG-PCC-UA,22/02/11,22/04/11,http://zonasegura.seace.gob.pe//particion1/mon\docs\contratos\2011\200321\1685683647756213rad56C3B.pdf
SEACE 2,2011,20524605903,MINISTERIO DE AGRICULTURA-PROGRAMA DE COMPENSACIONES PARA LA COMPETITIVIDAD,PROCEDIMIENTO CLASICO,MENOR CUANTIA,AMC - 1 - 2011 - AG-PCC,1,09/02/11,SERVICIOS,SERVICIO DE ALQUILER DE LOCAL,"22985,82",Soles,1,SERVICIO DE ALQUILER DE LOCAL,"22985,82","22985,82",21/02/11,07/04/11,20100101522,COMPAÑIA DE NEGOCIACIONES MOBILIARIAS E INMOBILIARIAS S.A.,N,20100101522,COMPAÑIA DE NEGOCIACIONES MOBILIARIAS E INMOBILIARIAS S.A.,,,200321-01685683-00508581,004-2011-AG-PCC-UA,22/02/11,22/04/11,http://zonasegura.seace.gob.pe//particion1/mon\docs\contratos\2011\200321\1685683647756213rad56C3B.pdf
SEACE 2,2011,20524605903,MINISTERIO DE AGRICULTURA-PROGRAMA DE COMPENSACIONES PARA LA COMPETITIVIDAD,PROCEDIMIENTO CLASICO,MENOR CUANTIA,AMC - 1 - 2011 - AG-PCC,1,09/02/11,SERVICIOS,SERVICIO DE ALQUILER DE LOCAL,"22985,82",Soles,1,SERVICIO DE ALQUILER DE LOCAL,"22985,82","22985,82",21/02/11,07/04/11,20100101522,COMPAÑIA DE NEGOCIACIONES MOBILIARIAS E INMOBILIARIAS S.A.,N,20100101522,COMPAÑIA DE NEGOCIACIONES MOBILIARIAS E INMOBILIARIAS S.A.,,,200321-01685683-00508581,004-2011-AG-PCC-UA,22/02/11,22/04/11,http://zonasegura.seace.gob.pe//particion1/mon\docs\contratos\2011\200321\1685683647756213rad56C3B.pdf
SEACE 2,2011,20524605903,MINISTERIO DE AGRICULTURA-PROGRAMA DE COMPENSACIONES PARA LA COMPETITIVIDAD,PROCEDIMIENTO CLASICO,MENOR CUANTIA,AMC - 1 - 2011 - AG-PCC,1,09/02/11,SERVICIOS,SERVICIO DE ALQUILER DE LOCAL,"22985,82",Soles,1,SERVICIO DE ALQUILER DE LOCAL,"22985,82","22985,82",21/02/11,07/04/11,20100101522,COMPAÑIA DE NEGOCIACIONES MOBILIARIAS E INMOBILIARIAS S.A.,N,20100101522,COMPAÑIA DE NEGOCIACIONES MOBILIARIAS E INMOBILIARIAS S.A.,,,200321-01685683-00508581,004-2011-AG-PCC-UA,22/02/11,22/04/11,http://zonasegura.seace.gob.pe//particion1/mon\docs\contratos\2011\200321\1685683647756213rad56C3B.pdf
SEACE 2,2011,20524605903,MINISTERIO DE AGRICULTURA-PROGRAMA DE COMPENSACIONES PARA LA COMPETITIVIDAD,PROCEDIMIENTO CLASICO,MENOR CUANTIA,AMC - 2 - 2011 - AG-PCC,1,11/02/11,SERVICIOS,SERVICIO DE CONSULTA DE CENTRAL DE RIESGO COMERCIAL,35212,Soles,1,SERVICIO DE CONSULTA DE CENTRAL DE RIESGO COMERCIAL,35212,"33451,4",18/02/11,07/04/11,20504734146,"INFORMA DEL PERU, INFORMACION ECONOMICA S.A.",N,20504734146,"INFORMA DEL PERU, INFORMACION ECONOMICA S.A.",,,200321-01686672-00508573,003-2011-AG-PCC-UA,21/02/11,21/12/11,http://zonasegura.seace.gob.pe//particion1/mon\docs\contratos\2011\200321\1686672647755047radF87CE.pdf
SEACE 2,2011,20524605903,MINISTERIO DE AGRICULTURA-PROGRAMA DE COMPENSACIONES PARA LA COMPETITIVIDAD,PROCEDIMIENTO CLASICO,MENOR CUANTIA,AMC - 2 - 2011 - AG-PCC,1,14/02/11,SERVICIOS,SERVICIO DE CONSULTA DE CENTRAL DE RIESGO COMERCIAL,35212,Soles,1,SERVICIO DE CONSULTA DE CENTRAL DE RIESGO COMERCIAL,35212,"33451,4",18/02/11,07/04/11,20504734146,"INFORMA DEL PERU, INFORMACION ECONOMICA S.A.",N,20504734146,"INFORMA DEL PERU, INFORMACION ECONOMICA S.A.",,,200321-01686672-00508573,003-2011-AG-PCC-UA,21/02/11,21/12/11,http://zonasegura.seace.gob.pe//particion1/mon\docs\contratos\2011\200321\1686672647755047radF87CE.pdf
SEACE 2,2011,20524605903,MINISTERIO DE AGRICULTURA-PROGRAMA DE COMPENSACIONES PARA LA COMPETITIVIDAD,PROCEDIMIENTO CLASICO,MENOR CUANTIA,AMC - 2 - 2011 - AG-PCC,1,14/02/11,SERVICIOS,SERVICIO DE CONSULTA DE CENTRAL DE RIESGO COMERCIAL,35212,Soles,1,SERVICIO DE CONSULTA DE CENTRAL DE RIESGO COMERCIAL,35212,"33451,4",18/02/11,07/04/11,20504734146,"INFORMA DEL PERU, INFORMACION ECONOMICA S.A.",N,20504734146,"INFORMA DEL PERU, INFORMACION ECONOMICA S.A.",,,200321-01686672-00508573,003-2011-AG-PCC-UA,21/02/11,21/12/11,http://zonasegura.seace.gob.pe//particion1/mon\docs\contratos\2011\200321\1686672647755047radF87CE.pdf
SEACE 2,2011,20524605903,MINISTERIO DE AGRICULTURA-PROGRAMA DE COMPENSACIONES PARA LA COMPETITIVIDAD,PROCEDIMIENTO CLASICO,ADJUDICACION DIRECTA SELECTIVA,ADS - 1 - 2011 - AG-PCC,1,17/03/11,SERVICIOS,SERVICIO DE SUMINISTRO DE PASAJES AEREOS,"46398,06",Soles,1,SERVICIO DE SUMINISTRO DE PASAJES AEREOS,"46398,06","46394,88",15/04/11,26/05/11,20513590891,INKA TOURS & COURRIER S.A.C.,N,20513590891,INKA TOURS & COURRIER S.A.C.,,,200321-01699666-00514977,005-2011-AG-PCC-UA,18/04/11,18/04/12,http://zonasegura.seace.gob.pe//particion1/mon\docs\contratos\2011\200321\1699666819718771radC1615.pdf
SEACE 2,2011,20524605903,MINISTERIO DE AGRICULTURA-PROGRAMA DE COMPENSACIONES PARA LA COMPETITIVIDAD,PROCEDIMIENTO CLASICO,ADJUDICACION DIRECTA PUBLICA,ADP - 1 - 2011 - AG-PCC,1,08/08/11,SERVICIOS,SERVICIO DE ARRENDAMIENTO DE LOCAL,216720,Soles,1,SERVICIO DE ARRENDAMIENTO DE LOCAL,216720,209904,06/09/11,09/09/11,20101060013,INMOBILIARIA Y CONSTRUCTORA ALAMEDA JOSE PARDO S.A.C.,N,20101060013,INMOBILIARIA Y CONSTRUCTORA ALAMEDA JOSE PARDO S.A.C.,,,200321-01771357-00531193,006-2011-AG-PCC-UA,07/09/11,06/09/12,http://zonasegura.seace.gob.pe//particion1/mon\docs\contratos\2011\200321\1771357165018023radC0A52.pdf
SEACE 2,2011,20524605903,MINISTERIO DE AGRICULTURA-PROGRAMA DE COMPENSACIONES PARA LA COMPETITIVIDAD,PROCEDIMIENTO CLASICO,MENOR CUANTIA,AMC - 3 - 2011 - AG-PCC,1,15/08/11,SERVICIOS,SERVICIO DE FOTOCOPIADO,26865,Soles,1,SERVICIO DE FOTOCOPIADO,26865,26730,07/09/11,16/09/11,20100466709,COPISERVICE E I R L,N,20100466709,COPISERVICE E I R L,,,200321-01775672-00532341,007-2011-ag-pcc-ua,08/09/11,06/09/12,http://zonasegura.seace.gob.pe//particion1/mon\docs\contratos\2011\200321\1775672321563585rad41BFC.pdf
SEACE 2,2011,20524605903,MINISTERIO DE AGRICULTURA-PROGRAMA DE COMPENSACIONES PARA LA COMPETITIVIDAD,PROCEDIMIENTO CLASICO,MENOR CUANTIA,AMC - 4 - 2011 - AG-PCC,1,07/09/11,SERVICIOS,SERVICIO DE TELEFONIA MOVIL,21364,Soles,1,SERVICIO DE TELEFONIA MOVIL,21364,"21060,48",23/09/11,17/10/11,20100177774,TELEFONICA MOVILES S.A,N,20100177774,TELEFONICA MOVILES S.A,,,200321-01790036-00537533,008-2011-AG-PCC-UA,26/09/11,26/09/12,http://zonasegura.seace.gob.pe//particion1/mon\docs\contratos\2011\200321\1790036587929935radEA0D8.pdf
SEACE 2,2011,20524605903,MINISTERIO DE AGRICULTURA-PROGRAMA DE COMPENSACIONES PARA LA COMPETITIVIDAD,PROCEDIMIENTO CLASICO,MENOR CUANTIA,AMC - 6 - 2011 - AG-PCC,1,25/11/11,BIENES,adquisicion de equipos de computo,"39891,17",Soles,1,ADQUISICION DE EQUIPOS DE COMPUTO DE ESCRITORIO,"39891,17","39499,79",16/12/11,26/12/11,10065752684,URBINA VARGAS MILTON GABRIEL,N,10065752684,URBINA VARGAS MILTON GABRIEL,,,200321-01851347-00552947,2011-0038,19/12/11,26/12/11,http://zonasegura.seace.gob.pe//particion1/mon\docs\contratos\2011\200321\1851347110548649rad09E24.pdf
SEACE 2,2011,20524605903,MINISTERIO DE AGRICULTURA-PROGRAMA DE COMPENSACIONES PARA LA COMPETITIVIDAD,PROCEDIMIENTO CLASICO,MENOR CUANTIA,AMC - 5 - 2011 - AG-PCC,1,25/11/11,SERVICIOS,SERVICIO DE INTERNET,19200,Soles,1,SERVICIO DE INTERNET,19200,19200,12/01/12,05/01/12,20521668378,OPTICAL  NETWORKS S.A.C.,N,20521668378,OPTICAL  NETWORKS S.A.C.,,,200321-01851076-00556677,010-2011-AG-PCC-UA,13/12/11,12/12/12,http://zonasegura.seace.gob.pe/mon\docs\contratos\2012\200321\1851076659201470radA318F.pdf
SEACE 2,2011,20524605903,MINISTERIO DE AGRICULTURA-PROGRAMA DE COMPENSACIONES PARA LA COMPETITIVIDAD,PROCEDIMIENTO CLASICO,MENOR CUANTIA,AMC - 7 - 2011 - AG-PCC,1,02/12/11,SERVICIOS,SERVICIO DE TELEFONIA FIJA,20307,Soles,1,SERVICIO DE TELEFONIA FIJA,20307,"16068,86",19/01/12,05/01/12,20100017491,TELEFONICA DEL PERU SAA,N,20100017491,TELEFONICA DEL PERU SAA,,,200321-01859041-00556682,012-2011-AG-PCC-UA,20/12/11,20/12/12,http://zonasegura.seace.gob.pe/mon\docs\contratos\2012\200321\1859041659201470rad0F477.pdf
SEACE 2,2011,20524605903,MINISTERIO DE AGRICULTURA-PROGRAMA DE COMPENSACIONES PARA LA COMPETITIVIDAD,PROCEDIMIENTO CLASICO,MENOR CUANTIA,AMC - 8 - 2011 - AG-PCC,1,05/12/11,SERVICIOS,SERVICIO DE MENSAJERIA,26090,Soles,1,SERVICIO DE MENSAJERIA,26090,26090,19/12/11,05/01/12,20515184971,MULTISERVICIOS LARREA Y RIOJAS S.A.C (MUTISERVICIOS L Y R S.A.C),N,20515184971,MULTISERVICIOS LARREA Y RIOJAS S.A.C (MUTISERVICIOS L Y R S.A.C),,,200321-01860342-00556692,11-2011-AG-PCC-UA,20/12/11,20/12/12,http://zonasegura.seace.gob.pe/mon\docs\contratos\2012\200321\1860342659201470rad332CD.pdf
SEACE 2,2011,20524605903,MINISTERIO DE AGRICULTURA-PROGRAMA DE COMPENSACIONES PARA LA COMPETITIVIDAD,PROCEDIMIENTO CLASICO,MENOR CUANTIA,AMC - 6 - 2011 - AG-PCC,1,09/12/11,BIENES,ADQUISICION DE EQUIPOS DE COMPUTO DE ESCRITORIO,39900,Soles,1,ADQUISICION DE EQUIPOS DE COMPUTO DE ESCRITORIO,39900,"39499,79",16/12/11,26/12/11,10065752684,URBINA VARGAS MILTON GABRIEL,N,10065752684,URBINA VARGAS MILTON GABRIEL,,,200321-01851347-00552947,2011-0038,19/12/11,26/12/11,http://zonasegura.seace.gob.pe//particion1/mon\docs\contratos\2011\200321\1851347110548649rad09E24.pdf
SEACE 2,2011,20524605903,MINISTERIO DE AGRICULTURA-PROGRAMA DE COMPENSACIONES PARA LA COMPETITIVIDAD,PROCEDIMIENTO CLASICO,MENOR CUANTIA,AMC - 8 - 2011 - AG-PCC,1,09/12/11,SERVICIOS,SERVICIO DE MENSAJERIA,39999,Soles,1,SERVICIO DE MENSAJERIA,39999,26090,19/12/11,05/01/12,20515184971,MULTISERVICIOS LARREA Y RIOJAS S.A.C (MUTISERVICIOS L Y R S.A.C),N,20515184971,MULTISERVICIOS LARREA Y RIOJAS S.A.C (MUTISERVICIOS L Y R S.A.C),,,200321-01860342-00556692,11-2011-AG-PCC-UA,20/12/11,20/12/12,http://zonasegura.seace.gob.pe/mon\docs\contratos\2012\200321\1860342659201470rad332CD.pdf
SEACE 2,2011,20524605903,MINISTERIO DE AGRICULTURA-PROGRAMA DE COMPENSACIONES PARA LA COMPETITIVIDAD,PROCEDIMIENTO CLASICO,MENOR CUANTIA,AMC - 10 - 2011 - AG-PCC,1,27/12/11,SERVICIOS,SERVICIO DE LIMPIEZA DE LOCAL,39450,Soles,1,SERVICIO DE LIMPIEZA DE LOCAL,39450,32500,03/02/12,04/04/12,20522921662,FERMAZA CLEAN SOCIEDAD ANONIMA CERRADA,N,20522921662,FERMAZA CLEAN SOCIEDAD ANONIMA CERRADA,,,200321-01885749-00569712,001-2012-ag-pcc-ua,03/02/12,04/02/13,http://zonasegura.seace.gob.pe/mon\docs\contratos\2012\200321\1885749592827027radB1045.pdf
SEACE 2,2012,20524605903,MINISTERIO DE AGRICULTURA-PROGRAMA DE COMPENSACIONES PARA LA COMPETITIVIDAD,PROCEDIMIENTO CLASICO,ADJUDICACION DIRECTA SELECTIVA,ADS - 2 - 2012 - AG-PCC,1,24/02/12,SERVICIOS,Servicio de pasajes aereos,80696,Soles,1,Servicio de pasajes a¿reos,80696,78131,29/03/12,23/04/12,20232663694,AG VIAJES Y TURISM QUIQUIRIQUI TOURS SRL,N,20232663694,AG VIAJES Y TURISM QUIQUIRIQUI TOURS SRL,,,200321-01933930-00576119,003-2012-AG-PCC-UA,29/03/12,29/03/13,http://zonasegura.seace.gob.pe/mon\docs\contratos\2012\200321\1933930738540012radE77D2.pdf
SEACE 2,2012,20524605903,MINISTERIO DE AGRICULTURA-PROGRAMA DE COMPENSACIONES PARA LA COMPETITIVIDAD,PROCEDIMIENTO CLASICO,ADJUDICACION DIRECTA SELECTIVA,ADS - 1 - 2012 - AG-PCC,1,24/02/12,SERVICIOS,CONTRATACION DEL SERVICIO DE SEGURIDAD Y VIGILANCIA,"59723,52",Soles,1,CONTRATACION DEL SERVICIO DE SEGURIDAD Y VIGILANCIA,"59723,52",51000,02/04/12,02/05/12,20524246580,SERVICIO DE SEGURIDAD INTEGRAL Y POLICIA PARTICULAR SOCIEDAD ANONIMA CERRADA - SESPAR S.A.C,N,20524246580,SERVICIO DE SEGURIDAD INTEGRAL Y POLICIA PARTICULAR SOCIEDAD ANONIMA CERRADA - SESPAR S.A.C,,,200321-01933867-00579051,004-2012-AG-PCC-UA,02/04/12,02/04/13,http://zonasegura.seace.gob.pe/mon\docs\contratos\2012\200321\1933867193205778rad91D87.pdf
SEACE 2,2012,20524605903,MINISTERIO DE AGRICULTURA-PROGRAMA DE COMPENSACIONES PARA LA COMPETITIVIDAD,PROCEDIMIENTO CLASICO,ADJUDICACION DIRECTA SELECTIVA,ADS - 3 - 2012 - AG-PCC,1,15/08/12,SERVICIOS,SERVICIO DE AGENCIAMIENTO DE PASAJES AEREOS NACIONALES,"191381,08",Soles,1,SERVICIO DE AGENCIAMIENTO DE PASAJES AEREOS NACIONALES,"191381,08","185276,38",17/09/12,03/10/12,20509435341,PERU MUNDO TRAVEL SOCIEDADA ANONIMA CERRADA,N,20509435341,PERU MUNDO TRAVEL SOCIEDADA ANONIMA CERRADA,,,200321-02180724-00632959,05-2012,18/09/12,17/09/13,http://zonasegura.seace.gob.pe/mon\docs\contratos\2012\200321\2180724622073978rad2333D.pdf
SEACE 2,2012,20524605903,MINISTERIO DE AGRICULTURA-PROGRAMA DE COMPENSACIONES PARA LA COMPETITIVIDAD,PROCEDIMIENTO CLASICO,MENOR CUANTIA,AMC - 1 - 2012 - AG-PCC,1,29/08/12,SERVICIOS,Servicio de Fotocopiado,37665,Soles,1,SERVICIO DE FOTOCOPIADO,37665,37600,03/10/12,18/10/12,20515355023,KALLPA SERVICE SOCIEDAD ANONIMA CERRADA,N,20515355023,KALLPA SERVICE SOCIEDAD ANONIMA CERRADA,,,200321-02204241-00637793,006-2012,04/10/12,03/10/13,http://zonasegura.seace.gob.pe/mon\docs\contratos\2012\200321\220424112516798radE8712.pdf
SEACE 2,2012,20524605903,MINISTERIO DE AGRICULTURA-PROGRAMA DE COMPENSACIONES PARA LA COMPETITIVIDAD,PROCEDIMIENTO CLASICO,MENOR CUANTIA,AMC - 2 - 2012 - AG-PCC,1,17/10/12,SERVICIOS,Servicio de Telefonia fija,"18215,71",Soles,1,SERVICIO DE TELEFONIA FIJA,"18215,71","17518,47",06/11/12,16/11/12,20100017491,TELEFONICA DEL PERU SAA,N,20100017491,TELEFONICA DEL PERU SAA,,,200321-02282346-00647072,007-2012-AG-PCC-UA,07/11/12,06/11/13,http://zonasegura.seace.gob.pe/mon\docs\contratos\2012\200321\2282346889697961rad71416.pdf
SEACE 2,2012,20524605903,MINISTERIO DE AGRICULTURA-PROGRAMA DE COMPENSACIONES PARA LA COMPETITIVIDAD,PROCEDIMIENTO CLASICO,MENOR CUANTIA,AMC - 3 - 2012 - AG-PCC,1,18/10/12,SERVICIOS,Servicio de Telefonia movil,"19149,71",Soles,1,SERVICIO DE TELEFONIA MOVIL,"19149,71","19149,71",12/11/12,23/11/12,20100177774,TELEFONICA MOVILES S.A,N,20100177774,TELEFONICA MOVILES S.A,,,200321-02285472-00649809,008-2012-AG-PCC-UA,13/11/12,12/11/13,http://zonasegura.seace.gob.pe/mon\docs\contratos\2012\200321\22854721019723198radAA45E.pdf
SEACE 2,2012,20524605903,MINISTERIO DE AGRICULTURA-PROGRAMA DE COMPENSACIONES PARA LA COMPETITIVIDAD,PROCEDIMIENTO CLASICO,MENOR CUANTIA,AMC - 4 - 2012 - AG-PCC,1,12/11/12,SERVICIOS,Servicio de Internet,19200,Soles,1,SERVICIO DE INTERNET,19200,19200,21/11/12,23/11/12,20521668378,OPTICAL  NETWORKS S.A.C.,N,20521668378,OPTICAL  NETWORKS S.A.C.,,,200321-02324972-00649835,009-2012-AG-PCC-UA,22/11/12,21/11/13,http://zonasegura.seace.gob.pe/mon\docs\contratos\2012\200321\23249721019723198rad374D2.pdf
SEACE 2,2013,20524605903,MINISTERIO DE AGRICULTURA-PROGRAMA DE COMPENSACIONES PARA LA COMPETITIVIDAD,PROCEDIMIENTO CLASICO,MENOR CUANTIA,AMC - 1 - 2013 - AG-PCC,2,15/02/13,SERVICIOS,Servicio de Limpieza de Local,"37425,11",Soles,1,Servicio de Limpieza de Local,"37425,11",37200,11/03/13,20/03/13,20477313991,JOSE LUIS CLEAN S.A.C. - JL CLEAN S.A.C.,N,20477313991,JOSE LUIS CLEAN S.A.C. - JL CLEAN S.A.C.,,,200321-02483549-00690463,001-2013-AG-PCC,11/03/13,10/03/14,http://zonasegura.seace.gob.pe/mon\docs\contratos\2013\200321\2483549258398003radCA48B.pdf
SEACE 2,2013,20524605903,MINISTERIO DE AGRICULTURA-PROGRAMA DE COMPENSACIONES PARA LA COMPETITIVIDAD,PROCEDIMIENTO CLASICO,MENOR CUANTIA,AMC - 1 - 2013 - AG-PCC,2,15/02/13,SERVICIOS,Servicio de Limpieza de Local,"37425,11",Soles,1,Servicio de Limpieza de Local,"37425,11",37200,11/03/13,20/03/13,20477313991,JOSE LUIS CLEAN S.A.C. - JL CLEAN S.A.C.,N,20477313991,JOSE LUIS CLEAN S.A.C. - JL CLEAN S.A.C.,,,200321-02483549-00690463,001-2013-AG-PCC,11/03/13,10/03/14,http://zonasegura.seace.gob.pe/mon\docs\contratos\2013\200321\2483549258398003radCA48B.pdf
SEACE 2,2013,20524605903,MINISTERIO DE AGRICULTURA-PROGRAMA DE COMPENSACIONES PARA LA COMPETITIVIDAD,PROCEDIMIENTO CLASICO,MENOR CUANTIA,AMC - 1 - 2013 - AG-PCC,2,15/02/13,SERVICIOS,Servicio de Limpieza de Local,"37425,11",Soles,1,Servicio de Limpieza de Local,"37425,11",37200,11/03/13,20/03/13,20477313991,JOSE LUIS CLEAN S.A.C. - JL CLEAN S.A.C.,N,20477313991,JOSE LUIS CLEAN S.A.C. - JL CLEAN S.A.C.,,,200321-02483549-00690463,001-2013-AG-PCC,11/03/13,10/03/14,http://zonasegura.seace.gob.pe/mon\docs\contratos\2013\200321\2483549258398003radCA48B.pdf
SEACE 2,2013,20524605903,MINISTERIO DE AGRICULTURA-PROGRAMA DE COMPENSACIONES PARA LA COMPETITIVIDAD,PROCEDIMIENTO CLASICO,MENOR CUANTIA,AMC - 1 - 2013 - AG-PCC,2,15/02/13,SERVICIOS,Servicio de Limpieza de Local,"37425,11",Soles,1,Servicio de Limpieza de Local,"37425,11",37200,11/03/13,20/03/13,20477313991,JOSE LUIS CLEAN S.A.C. - JL CLEAN S.A.C.,N,20477313991,JOSE LUIS CLEAN S.A.C. - JL CLEAN S.A.C.,,,200321-02483549-00690463,001-2013-AG-PCC,11/03/13,10/03/14,http://zonasegura.seace.gob.pe/mon\docs\contratos\2013\200321\2483549258398003radCA48B.pdf
SEACE 2,2013,20524605903,MINISTERIO DE AGRICULTURA-PROGRAMA DE COMPENSACIONES PARA LA COMPETITIVIDAD,PROCEDIMIENTO CLASICO,MENOR CUANTIA,AMC - 1 - 2013 - AG-PCC,2,15/02/13,SERVICIOS,Servicio de Limpieza de Local,"37425,11",Soles,1,Servicio de Limpieza de Local,"37425,11",37200,11/03/13,20/03/13,20477313991,JOSE LUIS CLEAN S.A.C. - JL CLEAN S.A.C.,N,20477313991,JOSE LUIS CLEAN S.A.C. - JL CLEAN S.A.C.,,,200321-02483549-00690463,001-2013-AG-PCC,11/03/13,10/03/14,http://zonasegura.seace.gob.pe/mon\docs\contratos\2013\200321\2483549258398003radCA48B.pdf
SEACE 2,2013,20524605903,MINISTERIO DE AGRICULTURA-PROGRAMA DE COMPENSACIONES PARA LA COMPETITIVIDAD,PROCEDIMIENTO CLASICO,MENOR CUANTIA,AMC - 1 - 2013 - AG-PCC,2,15/02/13,SERVICIOS,Servicio de Limpieza de Local,"37425,11",Soles,1,Servicio de Limpieza de Local,"37425,11",37200,11/03/13,20/03/13,20477313991,JOSE LUIS CLEAN S.A.C. - JL CLEAN S.A.C.,N,20477313991,JOSE LUIS CLEAN S.A.C. - JL CLEAN S.A.C.,,,200321-02483549-00690463,001-2013-AG-PCC,11/03/13,10/03/14,http://zonasegura.seace.gob.pe/mon\docs\contratos\2013\200321\2483549258398003radCA48B.pdf
SEACE 2,2013,20524605903,MINISTERIO DE AGRICULTURA-PROGRAMA DE COMPENSACIONES PARA LA COMPETITIVIDAD,PROCEDIMIENTO CLASICO,MENOR CUANTIA,AMC - 2 - 2013 - AG-PCC,2,04/03/13,SERVICIOS,Servicio de Consulta Central de Riesgo Comercial,"15703,5",Soles,1,Servicio de Consulta Central de Riesgo Comercial,"15703,5","15538,2",20/03/13,20/03/13,20504734146,"INFORMA DEL PERU, INFORMACION ECONOMICA S.A.",N,20504734146,"INFORMA DEL PERU, INFORMACION ECONOMICA S.A.",,,200321-02507661-00690458,002-2013-AG-PCC,20/03/13,31/12/13,http://zonasegura.seace.gob.pe/mon\docs\contratos\2013\200321\2507661258398003radC622D.pdf
SEACE 2,2013,20524605903,MINISTERIO DE AGRICULTURA-PROGRAMA DE COMPENSACIONES PARA LA COMPETITIVIDAD,PROCEDIMIENTO CLASICO,ADJUDICACION DIRECTA SELECTIVA,ADS - 1 - 2013 - AG-PCC,1,25/03/13,SERVICIOS,Servicio de Seguridad y Vigilancia,"68283,63",Soles,1,Servicio de Seguridad y Vigilancia,"68283,63","53648,89",13/05/13,23/05/13,20534264411,GRUPO CHANKA S.A.C.,N,20534264411,GRUPO CHANKA S.A.C.,,,200321-02543167-00710844,002-2013-AG-PCC-UA,20/05/13,19/05/14,http://zonasegura.seace.gob.pe/mon\docs\contratos\2013\200321\2543167842194806rad195F0.pdf
SEACE 2,2013,20524605903,MINISTERIO DE AGRICULTURA-PROGRAMA DE COMPENSACIONES PARA LA COMPETITIVIDAD,PROCEDIMIENTO CLASICO,MENOR CUANTIA,AMC - 3 - 2013 - AG-PCC,1,03/07/13,BIENES,ADQUISICION DE LICENCIAS PARA EL PROGRAMA DE COMPENSACIONES PARA LA COMPETITIVIDAD,"18286,8",Soles,1,ADQUISICIÓN DE LICENCIAS PARA EL PROGRAMA DE COMPENSACIONES PARA LA COMPETITIVIDAD,"18286,8",17913,31/07/13,31/07/13,20512096990,GRUPO TECNOLOGIES S.A.,N,20512096990,GRUPO TECNOLOGIES S.A.,,,200321-02693541-00735423,0015-2013,01/08/13,02/08/13,http://zonasegura.seace.gob.pe/mon\docs\contratos\2013\200321\2693541194886112radC4428.pdf
SEACE 2,2013,20524605903,MINISTERIO DE AGRICULTURA-PROGRAMA DE COMPENSACIONES PARA LA COMPETITIVIDAD,PROCEDIMIENTO CLASICO,ADJUDICACION DIRECTA SELECTIVA,ADS - 2 - 2013 - MINAGRI-PCC,1,23/07/13,SERVICIOS,Servicio de Agenciamiento de Pasajes Aereos para el Personal del Programa de Compensaciones para la Competitividad,186000,Soles,1,Servicio de Agenciamiento de Pasajes A¿reos para el Personal del Programa de Compensaciones para la Competitividad.,186000,166900,20/09/13,23/09/13,20388307677,CUARZO TRAVEL S.R.LTDA,N,20388307677,CUARZO TRAVEL S.R.LTDA,,,200321-02723733-00753433,004-2013,23/09/13,23/09/14,http://zonasegura.seace.gob.pe/mon\docs\contratos\2013\200321\272373363274247rad4E34B.pdf
SEACE 2,2013,20524605903,MINISTERIO DE AGRICULTURA-PROGRAMA DE COMPENSACIONES PARA LA COMPETITIVIDAD,PROCEDIMIENTO CLASICO,ADJUDICACION DIRECTA SELECTIVA,ADS - 3 - 2013 - MINAGRI-PCC,1,13/08/13,SERVICIOS,Servicio de Consulta de Riesgo Comercial para el Programa de Compensaciones para la Competitividad.,79800,Soles,1,Servicio de Consulta de Riesgo Comercial - Prospectos Enriquecidos para el Programa de Compensaciones para la Competitividad.,79800,79800,03/09/13,04/09/13,20265681299,EQUIFAX PERU S.A.,N,20265681299,EQUIFAX PERU S.A.,,,200321-02753624-00746864,3-2013-MINAGRI-PCC,04/09/13,03/09/14,http://zonasegura.seace.gob.pe/mon\docs\contratos\2013\200321\2753624979247246rad43602.pdf
SEACE 2,2013,20524605903,MINISTERIO DE AGRICULTURA-PROGRAMA DE COMPENSACIONES PARA LA COMPETITIVIDAD,PROCEDIMIENTO CLASICO,MENOR CUANTIA,AMC - 4 - 2013 - MINAGRI-PCC,1,13/09/13,SERVICIOS,Servicio de Alquiler de Local,"270952,92",Soles,1,Servicio de Alquiler de Local,"270952,92","270952,92",03/10/13,28/10/13,20101060013,INMOBILIARIA Y CONSTRUCTORA ALAMEDA JOSE PARDO S.A.C.,N,20101060013,INMOBILIARIA Y CONSTRUCTORA ALAMEDA JOSE PARDO S.A.C.,,,200321-02798954-00764623,005-2013-MINAGRI-PCC-UA,04/10/13,03/10/14,http://zonasegura.seace.gob.pe/mon\docs\contratos\2013\200321\2798954870705481rad06432.pdf
SEACE 2,2013,20524605903,MINISTERIO DE AGRICULTURA-PROGRAMA DE COMPENSACIONES PARA LA COMPETITIVIDAD,PROCEDIMIENTO CLASICO,MENOR CUANTIA,AMC - 4 - 2013 - MINAGRI-PCC,1,13/09/13,SERVICIOS,Servicio de Alquiler de Local,"270952,92",Soles,1,Servicio de Alquiler de Local,"270952,92","270952,92",03/10/13,28/10/13,20101060013,INMOBILIARIA Y CONSTRUCTORA ALAMEDA JOSE PARDO S.A.C.,N,20101060013,INMOBILIARIA Y CONSTRUCTORA ALAMEDA JOSE PARDO S.A.C.,,,200321-02798954-00764623,005-2013-MINAGRI-PCC-UA,04/10/13,03/10/14,http://zonasegura.seace.gob.pe/mon\docs\contratos\2013\200321\2798954870705481rad06432.pdf
SEACE 2,2013,20524605903,MINISTERIO DE AGRICULTURA-PROGRAMA DE COMPENSACIONES PARA LA COMPETITIVIDAD,PROCEDIMIENTO CLASICO,MENOR CUANTIA,AMC - 4 - 2013 - MINAGRI-PCC,1,13/09/13,SERVICIOS,Servicio de Alquiler de Local,"270952,92",Soles,1,Servicio de Alquiler de Local,"270952,92","270952,92",03/10/13,28/10/13,20101060013,INMOBILIARIA Y CONSTRUCTORA ALAMEDA JOSE PARDO S.A.C.,N,20101060013,INMOBILIARIA Y CONSTRUCTORA ALAMEDA JOSE PARDO S.A.C.,,,200321-02798954-00764623,005-2013-MINAGRI-PCC-UA,04/10/13,03/10/14,http://zonasegura.seace.gob.pe/mon\docs\contratos\2013\200321\2798954870705481rad06432.pdf
SEACE 2,2013,20524605903,MINISTERIO DE AGRICULTURA-PROGRAMA DE COMPENSACIONES PARA LA COMPETITIVIDAD,PROCEDIMIENTO CLASICO,ADJUDICACION DIRECTA SELECTIVA,ADS - 4 - 2013 - MINAGRI-PCC,1,18/09/13,SERVICIOS,Servicio de Especialista en Analisis Socioeconomico y Productivo a Nivel de Regiones,48000,Soles,1,Servicio de Especialista en Analisis Socioeconomico y Productivo a Nivel de Regiones,48000,46000,25/10/13,29/10/13,C0002521082,CONSORCIO PLANEAMIENTO & GESTIÒN S.A.C ¿ JUAN FAUSTINO ESCOBAR GUARDIA,S,20501611965,PLANEAMIENTO & GESTION S.A.C.,10075418057.0,ESCOBAR GUARDIA JUAN FAUSTINO,200321-02807033-00765632,007-2013-MINAGRI-PCC-UA,26/10/13,10/12/13,http://zonasegura.seace.gob.pe/mon\docs\contratos\2013\200321\280703329850143rad0D755.pdf
SEACE 2,2013,20524605903,MINISTERIO DE AGRICULTURA-PROGRAMA DE COMPENSACIONES PARA LA COMPETITIVIDAD,PROCEDIMIENTO CLASICO,ADJUDICACION DIRECTA SELECTIVA,ADS - 4 - 2013 - MINAGRI-PCC,1,18/09/13,SERVICIOS,Servicio de Especialista en Analisis Socioeconomico y Productivo a Nivel de Regiones,48000,Soles,1,Servicio de Especialista en Analisis Socioeconomico y Productivo a Nivel de Regiones,48000,46000,25/10/13,29/10/13,C0002521082,CONSORCIO PLANEAMIENTO & GESTIÒN S.A.C ¿ JUAN FAUSTINO ESCOBAR GUARDIA,S,20501611965,PLANEAMIENTO & GESTION S.A.C.,10075418057.0,ESCOBAR GUARDIA JUAN FAUSTINO,200321-02807033-00765632,007-2013-MINAGRI-PCC-UA,26/10/13,10/12/13,http://zonasegura.seace.gob.pe/mon\docs\contratos\2013\200321\280703329850143rad0D755.pdf
SEACE 2,2013,20524605903,MINISTERIO DE AGRICULTURA-PROGRAMA DE COMPENSACIONES PARA LA COMPETITIVIDAD,PROCEDIMIENTO CLASICO,ADJUDICACION DIRECTA SELECTIVA,ADS - 4 - 2013 - MINAGRI-PCC,1,18/09/13,SERVICIOS,Servicio de Especialista en Analisis Socioeconomico y Productivo a Nivel de Regiones,48000,Soles,1,Servicio de Especialista en Analisis Socioeconomico y Productivo a Nivel de Regiones,48000,46000,25/10/13,29/10/13,C0002521082,CONSORCIO PLANEAMIENTO & GESTIÒN S.A.C ¿ JUAN FAUSTINO ESCOBAR GUARDIA,S,20501611965,PLANEAMIENTO & GESTION S.A.C.,10075418057.0,ESCOBAR GUARDIA JUAN FAUSTINO,200321-02807033-00765632,007-2013-MINAGRI-PCC-UA,26/10/13,10/12/13,http://zonasegura.seace.gob.pe/mon\docs\contratos\2013\200321\280703329850143rad0D755.pdf
SEACE 2,2013,20524605903,MINISTERIO DE AGRICULTURA-PROGRAMA DE COMPENSACIONES PARA LA COMPETITIVIDAD,PROCEDIMIENTO CLASICO,ADJUDICACION DIRECTA SELECTIVA,ADS - 4 - 2013 - MINAGRI-PCC,1,18/09/13,SERVICIOS,Servicio de Especialista en Analisis Socioeconomico y Productivo a Nivel de Regiones,48000,Soles,1,Servicio de Especialista en Analisis Socioeconomico y Productivo a Nivel de Regiones,48000,46000,25/10/13,29/10/13,C0002521082,CONSORCIO PLANEAMIENTO & GESTIÒN S.A.C ¿ JUAN FAUSTINO ESCOBAR GUARDIA,S,20501611965,PLANEAMIENTO & GESTION S.A.C.,20501611965.0,PLANEAMIENTO & GESTION S.A.C.,200321-02807033-00765632,007-2013-MINAGRI-PCC-UA,26/10/13,10/12/13,http://zonasegura.seace.gob.pe/mon\docs\contratos\2013\200321\280703329850143rad0D755.pdf
SEACE 2,2013,20524605903,MINISTERIO DE AGRICULTURA-PROGRAMA DE COMPENSACIONES PARA LA COMPETITIVIDAD,PROCEDIMIENTO CLASICO,ADJUDICACION DIRECTA SELECTIVA,ADS - 4 - 2013 - MINAGRI-PCC,1,18/09/13,SERVICIOS,Servicio de Especialista en Analisis Socioeconomico y Productivo a Nivel de Regiones,48000,Soles,1,Servicio de Especialista en Analisis Socioeconomico y Productivo a Nivel de Regiones,48000,46000,25/10/13,29/10/13,C0002521082,CONSORCIO PLANEAMIENTO & GESTIÒN S.A.C ¿ JUAN FAUSTINO ESCOBAR GUARDIA,S,20501611965,PLANEAMIENTO & GESTION S.A.C.,20501611965.0,PLANEAMIENTO & GESTION S.A.C.,200321-02807033-00765632,007-2013-MINAGRI-PCC-UA,26/10/13,10/12/13,http://zonasegura.seace.gob.pe/mon\docs\contratos\2013\200321\280703329850143rad0D755.pdf
SEACE 2,2013,20524605903,MINISTERIO DE AGRICULTURA-PROGRAMA DE COMPENSACIONES PARA LA COMPETITIVIDAD,PROCEDIMIENTO CLASICO,ADJUDICACION DIRECTA SELECTIVA,ADS - 4 - 2013 - MINAGRI-PCC,1,18/09/13,SERVICIOS,Servicio de Especialista en Analisis Socioeconomico y Productivo a Nivel de Regiones,48000,Soles,1,Servicio de Especialista en Analisis Socioeconomico y Productivo a Nivel de Regiones,48000,46000,25/10/13,29/10/13,C0002521082,CONSORCIO PLANEAMIENTO & GESTIÒN S.A.C ¿ JUAN FAUSTINO ESCOBAR GUARDIA,S,20501611965,PLANEAMIENTO & GESTION S.A.C.,20501611965.0,PLANEAMIENTO & GESTION S.A.C.,200321-02807033-00765632,007-2013-MINAGRI-PCC-UA,26/10/13,10/12/13,http://zonasegura.seace.gob.pe/mon\docs\contratos\2013\200321\280703329850143rad0D755.pdf
SEACE 2,2013,20524605903,MINISTERIO DE AGRICULTURA-PROGRAMA DE COMPENSACIONES PARA LA COMPETITIVIDAD,PROCEDIMIENTO CLASICO,MENOR CUANTIA,AMC - 5 - 2013 - MINAGRI-PCC,1,20/09/13,SERVICIOS,Servicio de Fotocopiado,37600,Soles,1,Servicio de Fotocopiado,37600,"33242,4",10/10/13,14/10/13,20100466709,COPISERVICE E I R L,N,20100466709,COPISERVICE E I R L,,,200321-02810205-00759957,006-2013-MINAGRI-PCC-UA,11/10/13,11/10/14,http://zonasegura.seace.gob.pe/mon\docs\contratos\2013\200321\2810205543719042radC511A.pdf
SEACE 2,2013,20524605903,MINISTERIO DE AGRICULTURA-PROGRAMA DE COMPENSACIONES PARA LA COMPETITIVIDAD,PROCEDIMIENTO CLASICO,ADJUDICACION DIRECTA SELECTIVA,ADS - 4 - 2013 - MINAGRI-PCC,1,03/10/13,SERVICIOS,Servicio de Especialista en Analisis Socioeconomico y Productivo a Nivel de Regiones,48000,Soles,1,Servicio de Especialista en Analisis Socioeconomico y Productivo a Nivel de Regiones,48000,46000,25/10/13,29/10/13,C0002521082,CONSORCIO PLANEAMIENTO & GESTIÒN S.A.C ¿ JUAN FAUSTINO ESCOBAR GUARDIA,S,20501611965,PLANEAMIENTO & GESTION S.A.C.,10075418057.0,ESCOBAR GUARDIA JUAN FAUSTINO,200321-02807033-00765632,007-2013-MINAGRI-PCC-UA,26/10/13,10/12/13,http://zonasegura.seace.gob.pe/mon\docs\contratos\2013\200321\280703329850143rad0D755.pdf
SEACE 2,2013,20524605903,MINISTERIO DE AGRICULTURA-PROGRAMA DE COMPENSACIONES PARA LA COMPETITIVIDAD,PROCEDIMIENTO CLASICO,ADJUDICACION DIRECTA SELECTIVA,ADS - 4 - 2013 - MINAGRI-PCC,1,03/10/13,SERVICIOS,Servicio de Especialista en Analisis Socioeconomico y Productivo a Nivel de Regiones,48000,Soles,1,Servicio de Especialista en Analisis Socioeconomico y Productivo a Nivel de Regiones,48000,46000,25/10/13,29/10/13,C0002521082,CONSORCIO PLANEAMIENTO & GESTIÒN S.A.C ¿ JUAN FAUSTINO ESCOBAR GUARDIA,S,20501611965,PLANEAMIENTO & GESTION S.A.C.,10075418057.0,ESCOBAR GUARDIA JUAN FAUSTINO,200321-02807033-00765632,007-2013-MINAGRI-PCC-UA,26/10/13,10/12/13,http://zonasegura.seace.gob.pe/mon\docs\contratos\2013\200321\280703329850143rad0D755.pdf
SEACE 2,2013,20524605903,MINISTERIO DE AGRICULTURA-PROGRAMA DE COMPENSACIONES PARA LA COMPETITIVIDAD,PROCEDIMIENTO CLASICO,ADJUDICACION DIRECTA SELECTIVA,ADS - 4 - 2013 - MINAGRI-PCC,1,03/10/13,SERVICIOS,Servicio de Especialista en Analisis Socioeconomico y Productivo a Nivel de Regiones,48000,Soles,1,Servicio de Especialista en Analisis Socioeconomico y Productivo a Nivel de Regiones,48000,46000,25/10/13,29/10/13,C0002521082,CONSORCIO PLANEAMIENTO & GESTIÒN S.A.C ¿ JUAN FAUSTINO ESCOBAR GUARDIA,S,20501611965,PLANEAMIENTO & GESTION S.A.C.,10075418057.0,ESCOBAR GUARDIA JUAN FAUSTINO,200321-02807033-00765632,007-2013-MINAGRI-PCC-UA,26/10/13,10/12/13,http://zonasegura.seace.gob.pe/mon\docs\contratos\2013\200321\280703329850143rad0D755.pdf
SEACE 2,2013,20524605903,MINISTERIO DE AGRICULTURA-PROGRAMA DE COMPENSACIONES PARA LA COMPETITIVIDAD,PROCEDIMIENTO CLASICO,ADJUDICACION DIRECTA SELECTIVA,ADS - 4 - 2013 - MINAGRI-PCC,1,03/10/13,SERVICIOS,Servicio de Especialista en Analisis Socioeconomico y Productivo a Nivel de Regiones,48000,Soles,1,Servicio de Especialista en Analisis Socioeconomico y Productivo a Nivel de Regiones,48000,46000,25/10/13,29/10/13,C0002521082,CONSORCIO PLANEAMIENTO & GESTIÒN S.A.C ¿ JUAN FAUSTINO ESCOBAR GUARDIA,S,20501611965,PLANEAMIENTO & GESTION S.A.C.,20501611965.0,PLANEAMIENTO & GESTION S.A.C.,200321-02807033-00765632,007-2013-MINAGRI-PCC-UA,26/10/13,10/12/13,http://zonasegura.seace.gob.pe/mon\docs\contratos\2013\200321\280703329850143rad0D755.pdf
SEACE 2,2013,20524605903,MINISTERIO DE AGRICULTURA-PROGRAMA DE COMPENSACIONES PARA LA COMPETITIVIDAD,PROCEDIMIENTO CLASICO,ADJUDICACION DIRECTA SELECTIVA,ADS - 4 - 2013 - MINAGRI-PCC,1,03/10/13,SERVICIOS,Servicio de Especialista en Analisis Socioeconomico y Productivo a Nivel de Regiones,48000,Soles,1,Servicio de Especialista en Analisis Socioeconomico y Productivo a Nivel de Regiones,48000,46000,25/10/13,29/10/13,C0002521082,CONSORCIO PLANEAMIENTO & GESTIÒN S.A.C ¿ JUAN FAUSTINO ESCOBAR GUARDIA,S,20501611965,PLANEAMIENTO & GESTION S.A.C.,20501611965.0,PLANEAMIENTO & GESTION S.A.C.,200321-02807033-00765632,007-2013-MINAGRI-PCC-UA,26/10/13,10/12/13,http://zonasegura.seace.gob.pe/mon\docs\contratos\2013\200321\280703329850143rad0D755.pdf
SEACE 2,2013,20524605903,MINISTERIO DE AGRICULTURA-PROGRAMA DE COMPENSACIONES PARA LA COMPETITIVIDAD,PROCEDIMIENTO CLASICO,ADJUDICACION DIRECTA SELECTIVA,ADS - 4 - 2013 - MINAGRI-PCC,1,03/10/13,SERVICIOS,Servicio de Especialista en Analisis Socioeconomico y Productivo a Nivel de Regiones,48000,Soles,1,Servicio de Especialista en Analisis Socioeconomico y Productivo a Nivel de Regiones,48000,46000,25/10/13,29/10/13,C0002521082,CONSORCIO PLANEAMIENTO & GESTIÒN S.A.C ¿ JUAN FAUSTINO ESCOBAR GUARDIA,S,20501611965,PLANEAMIENTO & GESTION S.A.C.,20501611965.0,PLANEAMIENTO & GESTION S.A.C.,200321-02807033-00765632,007-2013-MINAGRI-PCC-UA,26/10/13,10/12/13,http://zonasegura.seace.gob.pe/mon\docs\contratos\2013\200321\280703329850143rad0D755.pdf
SEACE 3,2013,20524605903,MINISTERIO DE AGRICULTURA-PROGRAMA DE COMPENSACIONES PARA LA COMPETITIVIDAD,PROCEDIMIENTO CLASICO,MENOR CUANTIA,AMC - 6 - 2013 - PCC,1,21/11/13,SERVICIOS,Servicio de Internet,19200,Soles,1,Servicio de Internet,19200,19200,05/12/13,05/12/13,20521668378,OPTICAL  NETWORKS S.A.C.,N,20521668378,OPTICAL  NETWORKS S.A.C.,,,200321-00000920-00780306,008-2013-MINAGRI-PCC-UA,13/12/13,12/12/14,http://zonasegura.seace.gob.pe/mon\docs\contratos\2013\200321\2918992126943972rad47431.pdf
SEACE 3,2013,20524605903,MINISTERIO DE AGRICULTURA-PROGRAMA DE COMPENSACIONES PARA LA COMPETITIVIDAD,PROCEDIMIENTO CLASICO,MENOR CUANTIA,AMC - 7 - 2013 - PCC,1,05/12/13,SERVICIOS,Servicio de Telefon¡a Fija,"22467,09",Soles,1,Servicio de Telefon¡a Fija,"22467,09","11330,78",18/12/13,20/01/14,20100017491,TELEFONICA DEL PERU SAA,N,20100017491,TELEFONICA DEL PERU SAA,,,200321-00002341-00798536,009,01/01/14,31/12/14,http://zonasegura.seace.gob.pe/mon\docs\contratos\2014\200321\2949842739845500rad34C9A.pdf
SEACE 3,2013,20524605903,MINISTERIO DE AGRICULTURA-PROGRAMA DE COMPENSACIONES PARA LA COMPETITIVIDAD,PROCEDIMIENTO CLASICO,MENOR CUANTIA,AMC - 8 - 2013 - PCC,1,13/12/13,SERVICIOS,Servicio de Telefonia M¢vil,"37381,6",Soles,1,Servicio de Telefonia M¢vil,"37381,6","33144,2",27/12/13,20/01/14,20100177774,TELEFONICA MOVILES S.A,N,20100177774,TELEFONICA MOVILES S.A,,,200321-00003201-00798548,010,01/01/14,31/12/14,http://zonasegura.seace.gob.pe/mon\docs\contratos\2014\200321\2966629739845500rad02BD8.pdf
SEACE 3,2013,20524605903,MINISTERIO DE AGRICULTURA-PROGRAMA DE COMPENSACIONES PARA LA COMPETITIVIDAD,PROCEDIMIENTO CLASICO,MENOR CUANTIA,AMC - 9 - 2013 - PCC,1,17/12/13,SERVICIOS,CONTRATACIÓN DEL SERVICIO DE PÓLIZAS DE SEGUROS PARA EL PROGRAMA DE COMPENSACIONES PARA LA COMPETITIVIDAD.,"35263,5",Soles,1,CONTRATACION DEL SERVICIO DE POLIZAS DE SEGUROS PARA EL PROGRAMA DE COMPENSACIONES PARA LA COMPETITIVIDAD,"35263,5","29956,33",20/01/14,24/01/14,20100210909,LA POSITIVA SEGUROS Y REASEGUROS,N,20100210909,LA POSITIVA SEGUROS Y REASEGUROS,,,200321-00003422-00799337,001-2014-MINAGRI-PCC-UA,27/01/14,27/01/15,http://zonasegura.seace.gob.pe/mon\docs\contratos\2014\200321\2987302293406111rad2DF22.pdf
SEACE 3,2014,20524605903,MINISTERIO DE AGRICULTURA-PROGRAMA DE COMPENSACIONES PARA LA COMPETITIVIDAD,PROCEDIMIENTO CLASICO,MENOR CUANTIA,AMC - 1 - 2014 - PCC,3,05/03/14,SERVICIOS,SERVICIO DE LIMPIEZA DE LOCAL,39990,Soles,1,SERVICIO DE LIMPIEZA DE LOCAL,39990,39900,24/03/14,31/03/14,20477313991,JOSE LUIS CLEAN S.A.C. - JL CLEAN S.A.C.,N,20477313991,JOSE LUIS CLEAN S.A.C. - JL CLEAN S.A.C.,,,200321-00006675-00814499,002-2014-MINAGRI-PCC-UA,11/04/14,10/04/15,http://zonasegura.seace.gob.pe/mon\docs\contratos\2014\200321\3030817109789630rad4960B.pdf
SEACE 3,2014,20524605903,MINISTERIO DE AGRICULTURA-PROGRAMA DE COMPENSACIONES PARA LA COMPETITIVIDAD,PROCEDIMIENTO CLASICO,ADJUDICACION DIRECTA SELECTIVA,ADS - 1 - 2014 - PCC,1,26/03/14,SERVICIOS,SERVICIO DE SEGURIDAD Y VIGILANCIA,"68241,42",Soles,1,SERVICIO DE SEGURIDAD Y VIGILANCIA,"68241,42",62304,30/04/14,13/05/14,20262727859,MABE SERVICES SRLTDA,N,20262727859,MABE SERVICES SRLTDA,,,200321-00008781-00826684,Nº003-2014-MINAGRI-PCC-UA,20/05/14,19/05/15,http://zonasegura.seace.gob.pe/mon\docs\contratos\2014\200321\3081568299310869rad896EA.pdf
SEACE 3,2014,20524605903,MINISTERIO DE AGRICULTURA-PROGRAMA DE COMPENSACIONES PARA LA COMPETITIVIDAD,PROCEDIMIENTO CLASICO,ADJUDICACION DIRECTA SELECTIVA,ADS - 2 - 2014 - PCC,1,06/08/14,SERVICIOS,SERVICIO DE AGENCIAMIENTO DE PASAJES AEREOS,"199180,05",Soles,1,SERVICIO DE AGENCIAMIENTO DE PASAJES AEREOS,"199180,05","157389,1",12/09/14,24/09/14,20100999430,DOMIRUTH TRAVEL SERVICE S.A.C,N,20100999430,DOMIRUTH TRAVEL SERVICE S.A.C,,,200321-00027991-00869915,004-2014-MINAGRI-PCC-UA,13/09/14,12/09/15,http://zonasegura.seace.gob.pe/mon\docs\contratos\2014\200321\3231824429571437rad42560.pdf
SEACE 3,2014,20524605903,MINISTERIO DE AGRICULTURA-PROGRAMA DE COMPENSACIONES PARA LA COMPETITIVIDAD,PROCEDIMIENTO CLASICO,MENOR CUANTIA,AMC - 2 - 2014 - PCC,1,01/10/14,SERVICIOS,SERVICIO DE FOTOCOPIADO,"37640,8",Soles,1,SERVICIO DE FOTOCOPIADO,"37640,8","37640,8",14/10/14,17/10/14,20188643982,SERVICENTRO SRL,N,20188643982,SERVICENTRO SRL,,,200321-00039206-00877589,Nº05-2014-MINAGRI-PCC-UA,20/10/14,19/10/15,http://zonasegura.seace.gob.pe/mon\docs\contratos\2014\200321\3252994161876371rad076F0.pdf
SEACE 3,2014,20524605903,MINISTERIO DE AGRICULTURA-PROGRAMA DE COMPENSACIONES PARA LA COMPETITIVIDAD,PROCEDIMIENTO CLASICO,MENOR CUANTIA,AMC - 3 - 2014 - PCC,1,17/10/14,SERVICIOS,SERVICIO DE INTERNET,20100,Soles,1,SERVICIO DE INTERNET,20100,20100,05/11/14,11/11/14,20552504641,OPTICAL TECHNOLOGIES SAC,N,20552504641,OPTICAL TECHNOLOGIES SAC,,,200321-00043338-00885335,006-2014-MINAGRI-PCC-UA,13/12/14,12/12/15,http://zonasegura.seace.gob.pe/mon\docs\contratos\2014\200321\3263944272656025rad913FD.pdf
SEACE 3,2014,20524605903,MINISTERIO DE AGRICULTURA-PROGRAMA DE COMPENSACIONES PARA LA COMPETITIVIDAD,PROCEDIMIENTO CLASICO,ADJUDICACION DIRECTA PUBLICA,ADP - 1 - 2014 - PCC,1,03/11/14,BIENES,Adquisicion de un Sistema Satelital de navegacion Global GNSS Diferencial de Doble Frecuencia,"229966,67",Soles,1,Adquisición de un Sistema Satelital de Navegacion Global GNSS Diferencial de Doble Frecuencia.,"229966,67",218950,23/01/15,27/01/15,20100862132,ISETEK S A,N,20100862132,ISETEK S A,,,200321-00049683-00911079,003-2015-MINAGRI-PCC-UA,24/01/15,07/02/15,http://zonasegura.seace.gob.pe/mon\docs\contratos\2015\200321\3313213937547660radD4B40.pdf
SEACE 3,2014,20524605903,MINISTERIO DE AGRICULTURA-PROGRAMA DE COMPENSACIONES PARA LA COMPETITIVIDAD,PROCEDIMIENTO CLASICO,ADJUDICACION DIRECTA SELECTIVA,ADS - 3 - 2014 - PCC,1,07/11/14,SERVICIOS,Servicio de Consultoria para realizar un Analisis de las Potencialidades y Oportunidades de Procesos de Planificacion-Proyectos de Inversion Publica en el sector Agricultura,70000,Soles,1,Servicio de Consultoría para realizar un Análisis de las Potencialidades y Oportunidades de Procesos de Planificación - Proyectos de Inversión Pública en el sector Agricultura.,70000,70000,27/11/14,04/12/14,10400405838,CALDERON ROMERO LIZARDO,N,10400405838,CALDERON ROMERO LIZARDO,,,200321-00051569-00894538,007-2014-MINAGRI-PCC-UA,27/11/14,16/12/14,http://zonasegura.seace.gob.pe/mon\docs\contratos\2014\200321\328603479169894radB92EF.pdf
SEACE 3,2014,20524605903,MINISTERIO DE AGRICULTURA-PROGRAMA DE COMPENSACIONES PARA LA COMPETITIVIDAD,PROCEDIMIENTO CLASICO,MENOR CUANTIA,AMC - 4 - 2014 - PCC,1,11/12/14,SERVICIOS,SERVICIO DE TELEFONIA FIJA,"16282,99",Soles,1,SERVICIO DE TELEFONIA FIJA,"16282,99","16282,99",29/12/14,12/01/15,20100017491,TELEFONICA DEL PERU SAA,N,20100017491,TELEFONICA DEL PERU SAA,,,200321-00065489-00908977,008-2014-MINAGRI-PCC-UA,01/01/15,31/12/15,http://zonasegura.seace.gob.pe/mon\docs\contratos\2015\200321\3303052477800728radB1F81.pdf
SEACE 3,2014,20524605903,MINISTERIO DE AGRICULTURA-PROGRAMA DE COMPENSACIONES PARA LA COMPETITIVIDAD,PROCEDIMIENTO CLASICO,MENOR CUANTIA,AMC - 5 - 2014 - PCC,1,11/12/14,SERVICIOS,SERVICIO DE TELEFONIA MOVIL,"38820,15",Soles,1,SERVICIO DE TELEFONIA MOVIL,"38820,15","38811,36",08/01/15,20/01/15,20467534026,AMERICA MOVIL PERU S.A.C.,N,20467534026,AMERICA MOVIL PERU S.A.C.,,,200321-00065524-00910152,001-2015-MINAGRI-PCC-UA,09/01/15,08/01/16,http://zonasegura.seace.gob.pe/mon\docs\contratos\2015\200321\3307677681400891radAE0E8.pdf
SEACE 3,2014,20524605903,MINISTERIO DE AGRICULTURA-PROGRAMA DE COMPENSACIONES PARA LA COMPETITIVIDAD,PROCEDIMIENTO CLASICO,MENOR CUANTIA,AMC - 6 - 2014 - PCC,1,30/12/14,SERVICIOS,SERVICIO DE POLIZAS DE SEGUROS,"31571,45",Soles,1,SERVICIO DE POLIZAS DE SEGUROS,"31571,45","31468,59",15/01/15,20/01/15,20100210909,LA POSITIVA SEGUROS Y REASEGUROS,N,20100210909,LA POSITIVA SEGUROS Y REASEGUROS,,,200321-00071043-00910175,02-2015-MINAGRI-PCC-UA,27/01/15,27/01/16,http://zonasegura.seace.gob.pe/mon\docs\contratos\2015\200321\3312337681408759radEF421.pdf
SEACE 3,2015,20524605903,MINISTERIO DE AGRICULTURA-PROGRAMA DE COMPENSACIONES PARA LA COMPETITIVIDAD,PROCEDIMIENTO CLASICO,MENOR CUANTIA,AMC - 1 - 2015 - PCC,1,24/03/15,SERVICIOS,SERVICIO DE LIMPIEZA DE LOCAL,39900,Soles,1,SERVICIO DE LIMPIEZA DE LOCAL,39900,39900,10/04/15,06/05/15,20568243162,SUGERLIMP S.A.C.,N,20568243162,SUGERLIMP S.A.C.,,,200321-00087990-00926890,004-2015-MINAGRI-PCC-UA,11/04/15,10/04/16,http://zonasegura.seace.gob.pe/mon\docs\contratos\2015\200321\332583606052015085242.pdf
SEACE 3,2015,20524605903,MINISTERIO DE AGRICULTURA-PROGRAMA DE COMPENSACIONES PARA LA COMPETITIVIDAD,PROCEDIMIENTO CLASICO,ADJUDICACION DIRECTA SELECTIVA,ADS - 1 - 2015 - PCC,1,26/03/15,SERVICIOS,SERVICIO DE SEGURIDAD Y VIGILANCIA,"67189,33",Soles,1,SERVICIO DE SEGURIDAD Y VIGILANCIA,"67189,33",63000,30/04/15,20/05/15,20262727859,MABE SERVICES SRLTDA,N,20262727859,MABE SERVICES SRLTDA,,,200321-00089511-00930514,005-2015-MINAGRI-PCC-UA,20/05/15,19/05/15,http://zonasegura.seace.gob.pe/mon\docs\contratos\2015\200321\332965920052015142608.pdf
SEACE 3,2015,20524605903,MINISTERIO DE AGRICULTURA-PROGRAMA DE COMPENSACIONES PARA LA COMPETITIVIDAD,PROCEDIMIENTO CLASICO,ADJUDICACION DIRECTA SELECTIVA,ADS - 2 - 2015 - PCC,1,23/04/15,SERVICIOS,SERVICIO DE AGENCIAMIENTO DE PASAJES AEREOS,193603,Soles,1,SERVICIO DE AGENCIAMIENTO DE PASAJES AEREOS,193603,"153100,89",26/05/15,25/06/15,20509435341,PERU MUNDO TRAVEL SOCIEDADA ANONIMA CERRADA,N,20509435341,PERU MUNDO TRAVEL SOCIEDADA ANONIMA CERRADA,,,200321-00100357-00940547,006-2015-MINAGRI-PCC-UA,26/05/15,25/05/16,http://zonasegura.seace.gob.pe/mon\docs\contratos\2015\200321\3336465507745946rad3E4CC.pdf
SEACE 3,2015,20524605903,MINISTERIO DE AGRICULTURA-PROGRAMA DE COMPENSACIONES PARA LA COMPETITIVIDAD,PROCEDIMIENTO CLASICO,MENOR CUANTIA,AMC - 4 - 2015 - PCC,1,26/08/15,SERVICIOS,SERVICIO DE CONSULTORIA PARA LA ELABORACION DEL ESTUDIO DE EVALUACION DE IMPACTO DEL PROGRAMA DE COMPENSACIONES PARA LA COMPETITIVIDAD,280000,Soles,1,SERVICIO DE CONSULTORIA PARA LA ELABORACION DEL ESTUDIO DE EVALUACION DE IMPACTO DEL PROGRAMA DE COMPENSACIONES PARA LA COMPETITIVIDAD,280000,280000,28/09/15,07/10/15,20266402709,MAXIMIXE CONSULT S.A,N,20266402709,MAXIMIXE CONSULT S.A,,,200321-00158725-00972739,007-2015,29/09/15,28/11/15,http://zonasegura.seace.gob.pe/mon\docs\contratos\2015\200321\3372530571038786radAC838.pdf
SEACE 3,2015,20524605903,MINISTERIO DE AGRICULTURA-PROGRAMA DE COMPENSACIONES PARA LA COMPETITIVIDAD,PROCEDIMIENTO CLASICO,ADJUDICACION DIRECTA PUBLICA,ADP - 2 - 2015 - PCC,1,27/08/15,SERVICIOS,SERVICIO DE ALQUILER DE LOCAL PARA EL PROGRAMA DE COMPENSACIONES PARA LA COMPETITIVIDAD,"301985,28",Soles,1,SERVICIO DE ALQUILER DE LOCAL,"301985,28","301985,28",30/09/15,07/10/15,20101060013,INMOBILIARIA Y CONSTRUCTORA ALAMEDA JOSE PARDO S.A.C.,N,20101060013,INMOBILIARIA Y CONSTRUCTORA ALAMEDA JOSE PARDO S.A.C.,,,200321-00159064-00972798,009-2015,04/10/15,03/10/16,http://zonasegura.seace.gob.pe/mon\docs\contratos\2015\200321\3372529571047311rad9B448.pdf
SEACE 3,2015,20524605903,MINISTERIO DE AGRICULTURA-PROGRAMA DE COMPENSACIONES PARA LA COMPETITIVIDAD,PROCEDIMIENTO CLASICO,MENOR CUANTIA,AMC - 3 - 2015 - PCC,2,07/09/15,SERVICIOS,SERVICIO DE FOTOCOPIADO,"25684,45",Soles,1,SERVICIO DE FOTOCOPIADO,"25684,45",18425,28/09/15,01/10/15,20458602132,COPYLAND INVERSIONES S.A.,N,20458602132,COPYLAND INVERSIONES S.A.,,,200321-00164155-00970984,008-2015,29/09/15,29/02/16,http://zonasegura.seace.gob.pe/mon\docs\contratos\2015\200321\3374941629403769rad53A3F.pdf
SEACE 3,2015,20524605903,MINISTERIO DE AGRICULTURA-PROGRAMA DE COMPENSACIONES PARA LA COMPETITIVIDAD,PROCEDIMIENTO CLASICO,ADJUDICACION DIRECTA PUBLICA,ADP - 3 - 2015 - PCC,1,29/09/15,BIENES,ADQUISICION DE EQUIPOS PARA EL CENTRO DE DATOS DEL PCC,239000,Soles,1,Adquisicion de equipos para implementacion de centro de datos,239000,239000,05/11/15,11/11/15,C0002854691,CONSORCIO J EVAN Y ASOCIADOS SAC - J EVANS Y ASOCIADOS CONSULTORES SAC,S,20536569431,J. EVANS Y ASOCIADOS CONSULTORES S.A.C.,20101064515.0,J EVANS Y ASOCIADOS SAC,200321-00176149-00984216,10-2015-MINAGRI-PCC,06/11/15,20/12/15,http://zonasegura.seace.gob.pe/mon\docs\contratos\2015\200321\3384970322740548rad4DDE5.pdf
SEACE 3,2015,20524605903,MINISTERIO DE AGRICULTURA-PROGRAMA DE COMPENSACIONES PARA LA COMPETITIVIDAD,PROCEDIMIENTO CLASICO,ADJUDICACION DIRECTA PUBLICA,ADP - 3 - 2015 - PCC,1,29/09/15,BIENES,ADQUISICION DE EQUIPOS PARA EL CENTRO DE DATOS DEL PCC,239000,Soles,1,Adquisicion de equipos para implementacion de centro de datos,239000,239000,05/11/15,11/11/15,C0002854691,CONSORCIO J EVAN Y ASOCIADOS SAC - J EVANS Y ASOCIADOS CONSULTORES SAC,S,20536569431,J. EVANS Y ASOCIADOS CONSULTORES S.A.C.,20536569431.0,J. EVANS Y ASOCIADOS CONSULTORES S.A.C.,200321-00176149-00984216,10-2015-MINAGRI-PCC,06/11/15,20/12/15,http://zonasegura.seace.gob.pe/mon\docs\contratos\2015\200321\3384970322740548rad4DDE5.pdf
SEACE 3,2015,20524605903,MINISTERIO DE AGRICULTURA-PROGRAMA DE COMPENSACIONES PARA LA COMPETITIVIDAD,PROCEDIMIENTO CLASICO,MENOR CUANTIA,AMC - 6 - 2015 - PCC,1,02/11/15,SERVICIOS,CONTRATACIÓN DE SERVICIO DE INTERNET MÓVIL-MODEMS INTERNET,38555,Soles,1,CONTRATACIÓN DE SERVICIO DE INTERNET MÓVIL-MODEMS INTERNET,38555,33785,13/11/15,18/11/15,20467534026,AMERICA MOVIL PERU S.A.C.,N,20467534026,AMERICA MOVIL PERU S.A.C.,,,200321-00193604-00986769,011-2015-MINAGRI-PCC-UA,16/11/15,15/11/16,http://zonasegura.seace.gob.pe/mon\docs\contratos\2015\200321\3391791620216368radE58FE.pdf
SEACE 3,2015,20524605903,MINISTERIO DE AGRICULTURA-PROGRAMA DE COMPENSACIONES PARA LA COMPETITIVIDAD,PROCEDIMIENTO CLASICO,MENOR CUANTIA,AMC - 7 - 2015 - PCC,2,30/11/15,SERVICIOS,CONTRATACION DEL SERVICIO DE INTERNET,35000,Soles,1,CONTRATACION DEL SERVICIO DE INTERNET,35000,35000,11/12/15,02/02/16,20552504641,OPTICAL TECHNOLOGIES SAC,N,20552504641,OPTICAL TECHNOLOGIES SAC,,,200321-00212055-01013733,012-2015-MINAGRI-PCC,13/12/15,12/12/16,http://zonasegura.seace.gob.pe/mon\docs\contratos\2016\200321\3403688994543605rad7B99A.pdf
SEACE 3,2015,20524605903,MINISTERIO DE AGRICULTURA-PROGRAMA DE COMPENSACIONES PARA LA COMPETITIVIDAD,PROCEDIMIENTO CLASICO,MENOR CUANTIA,AMC - 8 - 2015 - PCC,1,01/12/15,SERVICIOS,CONTRATACION DEL SERVICIO DE TELEFONIA FIJA,"14905,15",Soles,1,SERVICIO DE TELEFONIA FIJA,"14905,15","12722,76",21/12/15,15/03/16,20100017491,TELEFONICA DEL PERU SAA,N,20100017491,TELEFONICA DEL PERU SAA,,,200321-00212815-01021001,013-2015-MINAGRI-PCC-UA,30/12/15,29/12/16,http://zonasegura.seace.gob.pe/mon\docs\contratos\2016\200321\3404353941851773radBE976.pdf
SEACE 3,2015,20524605903,MINISTERIO DE AGRICULTURA-PROGRAMA DE COMPENSACIONES PARA LA COMPETITIVIDAD,PROCEDIMIENTO CLASICO,ADJUDICACION DIRECTA PUBLICA,ADP - 4 - 2015 - PCC,1,16/12/15,SERVICIOS,SERVICIO DE AGENCIAMIENTO DE PASAJES AEREOS NACIONALES,"314892,58",Soles,1,AGENCIAMIENTO DE PASAJES AEREOS NACIONALES,"314892,58","302292,62",21/01/16,02/02/16,20509435341,PERU MUNDO TRAVEL SOCIEDADA ANONIMA CERRADA,N,20509435341,PERU MUNDO TRAVEL SOCIEDADA ANONIMA CERRADA,,,200321-00223223-01013713,001-2016-MINAGRI-PCC-UA,21/01/16,20/01/17,http://zonasegura.seace.gob.pe/mon\docs\contratos\2016\200321\3419869994543605rad51F34.pdf
SEACE 3,2015,20524605903,MINISTERIO DE AGRICULTURA-PROGRAMA DE COMPENSACIONES PARA LA COMPETITIVIDAD,PROCEDIMIENTO CLASICO,ADJUDICACION DIRECTA SELECTIVA,ADS - 4 - 2015 - PCC,1,31/12/15,SERVICIOS,SERVICIO DE POLIZAS DE SEGUROS,"78030,35",Soles,1,SERVICIO DE P&&Uacute;LIZA DE SEGUROS,"78030,35","71274,47",27/01/16,15/03/16,20100210909,LA POSITIVA SEGUROS Y REASEGUROS,N,20100210909,LA POSITIVA SEGUROS Y REASEGUROS,,,200321-00233122-01020999,002-2016-MINAGRI-PCC-UA,27/01/16,27/01/17,http://zonasegura.seace.gob.pe/mon\docs\contratos\2016\200321\3420227941851773rad0DB49.pdf
SEACE 3,2016,20524605903,MINISTERIO DE AGRICULTURA-PROGRAMA DE COMPENSACIONES PARA LA COMPETITIVIDAD,PROCEDIMIENTO CLASICO,Adjudicación Simplificada,AS - 1 - 2016 - PCC,1,08/02/16,SERVICIOS,SERVICIO DE FOTOCOPIADO,"60867,6",Soles,1,SERVICIO DE FOTOCOPIADO,"60867,6","33477,18",04/03/16,04/03/16,20188643982,SERVICENTRO SRL,N,20188643982,SERVICENTRO SRL,,,200321-00240179-01019537,2016-0166,07/03/16,03/03/17,http://zonasegura.seace.gob.pe/mon\docs\contratos\2016\200321\3423406175606651radD49B1.pdf
SEACE 3,2016,20524605903,MINISTERIO DE AGRICULTURA-PROGRAMA DE COMPENSACIONES PARA LA COMPETITIVIDAD,PROCEDIMIENTO CLASICO,Adjudicación Simplificada,AS - 2 - 2016 - PCC,1,26/02/16,SERVICIOS,SERVICIO DE LIMPIEZA DE LOCAL,42000,Soles,1,SERVICIO DE LIMPIEZA DE LOCAL,42000,42000,04/04/16,13/04/16,20600275985,JORGE FERNANDO CLEAN S.A.C. - JF CLEAN S.A.C.,N,20600275985,JORGE FERNANDO CLEAN S.A.C. - JF CLEAN S.A.C.,,,200321-00244318-01025108,004-2016-MINAGRI-PCC-UA,11/04/16,10/04/17,http://zonasegura.seace.gob.pe/mon\docs\contratos\2016\200321\3425980815225970rad2795A.pdf
SEACE 3,2016,20524605903,MINISTERIO DE AGRICULTURA-PROGRAMA DE COMPENSACIONES PARA LA COMPETITIVIDAD,PROCEDIMIENTO CLASICO,MENOR CUANTIA,AMC - 1 - 2016 - PCC,1,01/03/16,SERVICIOS,SERVICIO DE TELEFONIA MOVIL,"104903,86",Soles,1,SERVICIO DE TELEFONIA MOVIL,"104903,86","52205,4",01/04/16,15/04/16,20100017491,TELEFONICA DEL PERU SAA,N,20100017491,TELEFONICA DEL PERU SAA,,,200321-00244640-01026205,003-2016-MINAGRI-PCC-UA,15/04/16,15/04/17,http://zonasegura.seace.gob.pe/mon\docs\contratos\2016\200321\3425718169812275rad28111.pdf
SEACE 3,2016,20524605903,MINISTERIO DE AGRICULTURA-PROGRAMA DE COMPENSACIONES PARA LA COMPETITIVIDAD,PROCEDIMIENTO CLASICO,Adjudicación Simplificada,AS - 3 - 2016 - PCC,1,22/03/16,SERVICIOS,SERVICIO DE SEGURIDAD Y VIGILANCIA,89208,Soles,1,SERVICIO DE SEGURIDAD Y VIGILANCIA,89208,"70307,04",02/05/16,22/06/16,20205078615,ALFIL SECURITY S.A.C.,N,20205078615,ALFIL SECURITY S.A.C.,,,200321-00251412-01040250,005-2016-MINAGRI-PCC-UA,20/05/16,19/05/17,http://zonasegura.seace.gob.pe/mon\docs\contratos\2016\200321\3429907305356315rad77B3F.pdf
